INSERT INTO dmmp.MP_ROLE (ROLE_CODE, ROLE_NAME, ROLE_REMARK, TAG, CREATOR, MODIFIER, STATE, CREATE_TIME, MODIFY_TIME, ID) VALUES ('accidentView', '事故报告查看员 Nhn vin kim tra bo co s c', '事故报告查看员', 'system', 'system', 'system', 0, '2024-07-30 13:56:27', '2024-07-30 13:56:25', 'accidentView');
INSERT INTO dmmp.MP_ROLE (ROLE_CODE, ROLE_NAME, ROLE_REMARK, TAG, CREATOR, MODIFIER, STATE, CREATE_TIME, MODIFY_TIME, ID) VALUES ('admin', '超级管理员', '超级管理员', 'system', 'system', 'system', 0, '2024-06-04 11:21:58', '2024-06-04 11:22:00', 'admin');
INSERT INTO dmmp.MP_ROLE (ROLE_CODE, ROLE_NAME, ROLE_REMARK, TAG, CREATOR, MODIFIER, STATE, CREATE_TIME, MODIFY_TIME, ID) VALUES ('assemblyManager', '整机装配记录管理员 Nhân viên quản lý ghi chép lắp ráp máy', '整机装配记录管理员 Nhân viên quản lý ghi chép lắp ráp máy', '整机装配记录 Ghi chép lắp ráp máy', 'system', 'system', 0, '2024-06-04 11:22:20', '2024-06-04 11:22:21', 'assemblyManager');
INSERT INTO dmmp.MP_ROLE (ROLE_CODE, ROLE_NAME, ROLE_REMARK, TAG, CREATOR, MODIFIER, STATE, CREATE_TIME, MODIFY_TIME, ID) VALUES ('assemblyRecord', '整机装配记录员 Nhân viên ghi chép lắp ráp máy', '整机装配记录管理员 Nhân viên quản lý ghi chép lắp ráp máy', '整机装配记录 Ghi chép lắp ráp máy', 'system', 'system', 0, '2024-06-04 11:22:20', '2024-06-04 11:22:21', 'assemblyRecord');
INSERT INTO dmmp.MP_ROLE (ROLE_CODE, ROLE_NAME, ROLE_REMARK, TAG, CREATOR, MODIFIER, STATE, CREATE_TIME, MODIFY_TIME, ID) VALUES ('assemblyRecordView', '整机记录查看员 Nhân viên kiểm tra ghi chép máy', '整机装配记录管理员 Nhân viên quản lý ghi chép lắp ráp máy', '整机装配记录 Ghi chép lắp ráp máy', 'system', 'system', 0, '2024-06-04 11:22:20', '2024-06-04 11:22:21', 'assemblyRecordView');
INSERT INTO dmmp.MP_ROLE (ROLE_CODE, ROLE_NAME, ROLE_REMARK, TAG, CREATOR, MODIFIER, STATE, CREATE_TIME, MODIFY_TIME, ID) VALUES ('assemblyTesterRecord', '整机试压记录员 Nhân viên ghi chép thử áp máy', '整机装配记录管理员 Nhân viên quản lý ghi chép lắp ráp máy', '整机装配记录 Ghi chép lắp ráp máy', 'system', 'system', 0, '2024-06-04 11:22:20', '2024-06-04 11:22:21', 'assemblyTesterRecord');
INSERT INTO dmmp.MP_ROLE (ROLE_CODE, ROLE_NAME, ROLE_REMARK, TAG, CREATOR, MODIFIER, STATE, CREATE_TIME, MODIFY_TIME, ID) VALUES ('box', '装箱员 Nhân viên đóng hàng', '装箱员', 'system', 'system', 'system', 0, '2024-06-04 11:22:20', '2024-06-04 11:22:21', 'box');
INSERT INTO dmmp.MP_ROLE (ROLE_CODE, ROLE_NAME, ROLE_REMARK, TAG, CREATOR, MODIFIER, STATE, CREATE_TIME, MODIFY_TIME, ID) VALUES ('boxManager', '装箱管理员 Nhân viên đóng hàng quản lý', '装箱管理员', 'system', 'system', 'system', 0, '2024-06-04 11:22:20', '2024-06-04 11:22:21', 'boxManager');
INSERT INTO dmmp.MP_ROLE (ROLE_CODE, ROLE_NAME, ROLE_REMARK, TAG, CREATOR, MODIFIER, STATE, CREATE_TIME, MODIFY_TIME, ID) VALUES ('ehsView', 'EHS安全查看 kiểm tra An toàn EHS', 'EHS安全查看', 'EHS安全 An toànEHS', 'system', 'system', 0, '2024-06-04 11:22:20', '2024-06-04 11:22:21', 'ehsView');
INSERT INTO dmmp.MP_ROLE (ROLE_CODE, ROLE_NAME, ROLE_REMARK, TAG, CREATOR, MODIFIER, STATE, CREATE_TIME, MODIFY_TIME, ID) VALUES ('engineer', '工程师 Kỹ sư', '工程师', 'system', 'system', 'system', 0, '2024-06-04 11:22:20', '2024-06-04 11:22:21', 'engineer');
INSERT INTO dmmp.MP_ROLE (ROLE_CODE, ROLE_NAME, ROLE_REMARK, TAG, CREATOR, MODIFIER, STATE, CREATE_TIME, MODIFY_TIME, ID) VALUES ('equipmentManager', '设备管理员 Người quản lý thiết bị', '设备管理员', '生产设备台帐 Danh sách máy móc sản xuất', 'system', 'system', 0, '2024-06-04 11:22:20', '2024-06-04 11:22:21', 'equipmentManager');
INSERT INTO dmmp.MP_ROLE (ROLE_CODE, ROLE_NAME, ROLE_REMARK, TAG, CREATOR, MODIFIER, STATE, CREATE_TIME, MODIFY_TIME, ID) VALUES ('equipmentView', '设备维修履历查看 Kiểm tra lịch sử bảo trì thiết bị', '设备维修履历查看', '生产设备台帐 Danh sách máy móc sản xuất', 'system', 'system', 0, '2024-06-04 11:22:20', '2024-06-04 11:22:21', 'equipmentView');
INSERT INTO dmmp.MP_ROLE (ROLE_CODE, ROLE_NAME, ROLE_REMARK, TAG, CREATOR, MODIFIER, STATE, CREATE_TIME, MODIFY_TIME, ID) VALUES ('gauger', 'gauger', 'gauger', '检测设备台帐 Sổ nhật ký thiết bị thí nghiệm', 'system', 'system', 0, '2024-07-26 11:56:16', '2024-07-26 11:56:18', 'gauger');
INSERT INTO dmmp.MP_ROLE (ROLE_CODE, ROLE_NAME, ROLE_REMARK, TAG, CREATOR, MODIFIER, STATE, CREATE_TIME, MODIFY_TIME, ID) VALUES ('inspector', '检查 QC', '检查', 'system', 'system', 'system', 0, '2024-06-04 11:22:20', '2024-06-04 11:22:21', 'inspector');
INSERT INTO dmmp.MP_ROLE (ROLE_CODE, ROLE_NAME, ROLE_REMARK, TAG, CREATOR, MODIFIER, STATE, CREATE_TIME, MODIFY_TIME, ID) VALUES ('inventoryManager', '计划外库存管理员 Người quản lý hàng tồn kho ngoài kế hoạch', '计划外库存管理员 Người quản lý hàng tồn kho ngoài kế hoạch', '计划外库存 hàng tồn kho ngoài kế hoạch', 'system', 'system', 0, '2024-07-30 13:56:27', '2024-07-30 13:56:25', 'inventoryManager');
INSERT INTO dmmp.MP_ROLE (ROLE_CODE, ROLE_NAME, ROLE_REMARK, TAG, CREATOR, MODIFIER, STATE, CREATE_TIME, MODIFY_TIME, ID) VALUES ('inventoryView', '计划外库存查看员 Người kiểm tra hàng tồn kho ngoài kế hoạch', '计划外库存查看员 Người kiểm tra hàng tồn kho ngoài kế hoạch', '计划外库存 hàng tồn kho ngoài kế hoạch', 'system', 'system', 0, '2024-07-30 13:56:27', '2024-07-30 13:56:25', 'inventoryView');
INSERT INTO dmmp.MP_ROLE (ROLE_CODE, ROLE_NAME, ROLE_REMARK, TAG, CREATOR, MODIFIER, STATE, CREATE_TIME, MODIFY_TIME, ID) VALUES ('itManager', 'itManager', 'itManager', 'system', 'system', 'system', 0, '2024-07-28 21:33:55', '2024-07-28 21:33:57', 'itManager');
INSERT INTO dmmp.MP_ROLE (ROLE_CODE, ROLE_NAME, ROLE_REMARK, TAG, CREATOR, MODIFIER, STATE, CREATE_TIME, MODIFY_TIME, ID) VALUES ('maintainView', '设备维修履历查看 Kiểm tra Lịch sử bảo trì thiết bị', '设备维修履历查看', '生产设备台帐 Danh sách máy móc sản xuất', 'system', 'system', 0, '2024-06-04 11:22:20', '2024-06-04 11:22:21', 'maintainView');
INSERT INTO dmmp.MP_ROLE (ROLE_CODE, ROLE_NAME, ROLE_REMARK, TAG, CREATOR, MODIFIER, STATE, CREATE_TIME, MODIFY_TIME, ID) VALUES ('manager', '生产经理 Giám đốc sản xuất', '经理', '不合格单 Số NCR', 'system', 'system', 0, '2024-06-04 11:21:58', '2024-06-04 11:22:00', 'manager');
INSERT INTO dmmp.MP_ROLE (ROLE_CODE, ROLE_NAME, ROLE_REMARK, TAG, CREATOR, MODIFIER, STATE, CREATE_TIME, MODIFY_TIME, ID) VALUES ('material', '计划员 Nhân viên kế hoạch', '计划员 Nhân viên kế hoạch', '生产工单', 'system', 'system', 0, '2024-07-30 13:56:27', '2024-07-30 13:56:25', 'material');
INSERT INTO dmmp.MP_ROLE (ROLE_CODE, ROLE_NAME, ROLE_REMARK, TAG, CREATOR, MODIFIER, STATE, CREATE_TIME, MODIFY_TIME, ID) VALUES ('materialManager', '台机计划管理员', '台机计划管理员', '生产工单', 'system', 'system', 0, '2024-07-30 13:56:27', '2024-07-30 13:56:25', 'materialManager');
INSERT INTO dmmp.MP_ROLE (ROLE_CODE, ROLE_NAME, ROLE_REMARK, TAG, CREATOR, MODIFIER, STATE, CREATE_TIME, MODIFY_TIME, ID) VALUES ('qualityManager', '质量经理 Giám đốc chất lượng ', '质量经理', '不合格单 Số NCR', 'system', 'system', 0, '2024-06-04 11:21:58', '2024-06-04 11:22:00', 'qualityManager');
INSERT INTO dmmp.MP_ROLE (ROLE_CODE, ROLE_NAME, ROLE_REMARK, TAG, CREATOR, MODIFIER, STATE, CREATE_TIME, MODIFY_TIME, ID) VALUES ('schedulingManager', 'CNC排班管理员 Quản lý phân ca CNC', 'CNC排班管理员 Quản lý phân ca CNC', 'CNC排班表 Bảng chia ca CNC', 'system', 'system', 0, '2025-02-28 15:10:14', '2025-02-28 15:10:15', 'schedulingManager');
INSERT INTO dmmp.MP_ROLE (ROLE_CODE, ROLE_NAME, ROLE_REMARK, TAG, CREATOR, MODIFIER, STATE, CREATE_TIME, MODIFY_TIME, ID) VALUES ('supplierManager', '供应商管理员 NV quản lý nhà cung cấp', '供应商管理员 NV quản lý nhà cung cấp', '作业计划 kế hoạch làm việc', 'system', 'system', 0, '2024-07-30 13:56:27', '2024-07-30 13:56:25', 'supplierManager');
INSERT INTO dmmp.MP_ROLE (ROLE_CODE, ROLE_NAME, ROLE_REMARK, TAG, CREATOR, MODIFIER, STATE, CREATE_TIME, MODIFY_TIME, ID) VALUES ('taskManager', '台机管理员 NV quản lý điều hành', '台机管理员 NV quản lý điều hành', '作业计划 kế hoạch làm việc', 'system', 'system', 0, '2024-07-30 13:56:27', '2024-07-30 13:56:25', 'taskManager');
INSERT INTO dmmp.MP_ROLE (ROLE_CODE, ROLE_NAME, ROLE_REMARK, TAG, CREATOR, MODIFIER, STATE, CREATE_TIME, MODIFY_TIME, ID) VALUES ('taskView', '作业计划查看员 Nhân viên đối chiếu kế hoạch làm việc', '作业计划查看员 Nhân viên đối chiếu kế hoạch làm việc', '作业计划 kế hoạch làm việc', 'system', 'system', 0, '2024-07-30 13:56:27', '2024-07-30 13:56:25', 'taskView');
INSERT INTO dmmp.MP_ROLE (ROLE_CODE, ROLE_NAME, ROLE_REMARK, TAG, CREATOR, MODIFIER, STATE, CREATE_TIME, MODIFY_TIME, ID) VALUES ('technologyManager', '技术经理 Giám đốc kỹ thuật', '技术经理', '不合格单 Số NCR', 'system', 'system', 0, '2024-06-04 11:21:58', '2024-06-04 11:22:00', 'technologyManager');
INSERT INTO dmmp.MP_ROLE (ROLE_CODE, ROLE_NAME, ROLE_REMARK, TAG, CREATOR, MODIFIER, STATE, CREATE_TIME, MODIFY_TIME, ID) VALUES ('templateManager', '物品借出单管理员', '物品借出单管理员', '副本供应商刀具', 'system', 'system', 0, '2024-07-28 21:33:55', '2024-07-28 21:33:57', 'templateManager');
INSERT INTO dmmp.MP_ROLE (ROLE_CODE, ROLE_NAME, ROLE_REMARK, TAG, CREATOR, MODIFIER, STATE, CREATE_TIME, MODIFY_TIME, ID) VALUES ('templateView', '物品借出单查看员', '物品借出单查看员', '副本供应商刀具', 'system', 'system', 0, '2024-07-28 21:33:55', '2024-07-28 21:33:57', 'templateView');
INSERT INTO dmmp.MP_ROLE (ROLE_CODE, ROLE_NAME, ROLE_REMARK, TAG, CREATOR, MODIFIER, STATE, CREATE_TIME, MODIFY_TIME, ID) VALUES ('user', '普通用户', '普通用户', 'system', 'system', 'system', 0, '2024-06-04 11:22:20', '2024-06-04 11:22:21', 'user');
INSERT INTO dmmp.MP_ROLE (ROLE_CODE, ROLE_NAME, ROLE_REMARK, TAG, CREATOR, MODIFIER, STATE, CREATE_TIME, MODIFY_TIME, ID) VALUES ('userManager', '用户管理 Nhân viên quản lý', '用户管理', '用户管理 Nhân viên quản lý', 'system', 'system', 0, '2024-06-04 11:22:20', '2024-06-04 11:22:21', 'userManager');
INSERT INTO dmmp.MP_ROLE (ROLE_CODE, ROLE_NAME, ROLE_REMARK, TAG, CREATOR, MODIFIER, STATE, CREATE_TIME, MODIFY_TIME, ID) VALUES ('vocationManager', '请假管理管理员 Người quản lý Ghi chú xin nghỉ', '请假管理管理员', 'system', 'system', 'system', 0, '2024-07-30 13:56:27', '2024-07-30 13:56:25', 'vocationManager');
INSERT INTO dmmp.MP_ROLE (ROLE_CODE, ROLE_NAME, ROLE_REMARK, TAG, CREATOR, MODIFIER, STATE, CREATE_TIME, MODIFY_TIME, ID) VALUES ('vocationView', '请假记录查看 kiểm tra Ghi chú xin nghỉ', '请假记录查看', 'system', 'system', 'system', 0, '2024-07-30 13:56:27', '2024-07-30 13:56:25', 'vocationView');

INSERT INTO dmmp.MP_USER (USERNAME, NAME, NICKNAME, PASSWORD_ENCRYPT, SALT, MOBILE, MAIL, PASSWORD_EXPIRE_TIME, SIGN_IN_LOCK, SIGN_IN_FAIL_COUNT, SIGN_IN_LOCK_TIME, CREATOR, MODIFIER, STATE, CREATE_TIME, MODIFY_TIME, ID, DEPARTMENT, PROFESSION, INTERVIEW_RESUME, SCHEDULE, USER_PROPERTY, LEADER_USER_ID) VALUES ('lei.ye', '叶磊', 'yelei', '54051eb890c2e071d29ca0bf30d5d59b08cd534765092b4901afa11fa3a33515', '6CgZwSuX4eNvPX8a', '17700000001', 'lei.ye@qq.com', null, b'00', 0, '1970-01-01 08:00:00', 'system', 'admin', 0, '2024-06-07 09:42:24', '2025-03-04 10:03:15', '1799014033401327617', '5', '1', null, '1', '2', '1799014033401327617');
INSERT INTO dmmp.MP_USER (USERNAME, NAME, NICKNAME, PASSWORD_ENCRYPT, SALT, MOBILE, MAIL, PASSWORD_EXPIRE_TIME, SIGN_IN_LOCK, SIGN_IN_FAIL_COUNT, SIGN_IN_LOCK_TIME, CREATOR, MODIFIER, STATE, CREATE_TIME, MODIFY_TIME, ID, DEPARTMENT, PROFESSION, INTERVIEW_RESUME, SCHEDULE, USER_PROPERTY, LEADER_USER_ID) VALUES ('chaohui.pan', '朝辉', '大灰灰', '0829c89a6a77ecbca427098b425c189c4a770cf1bc6be26f4f50661b11a860f3', 'PESv9gjJl2ZhfNR9', '17717938745', 'chaohui.pan@leadbank.com.cn', null, b'00', 0, '1970-01-01 00:00:00', 'system', 'admin', 0, '2024-06-16 12:44:36', '2025-03-03 18:52:22', '1802321374225367042', '0', '4', '123123', '2', '1', '1802321374225367042');
INSERT INTO dmmp.MP_USER (USERNAME, NAME, NICKNAME, PASSWORD_ENCRYPT, SALT, MOBILE, MAIL, PASSWORD_EXPIRE_TIME, SIGN_IN_LOCK, SIGN_IN_FAIL_COUNT, SIGN_IN_LOCK_TIME, CREATOR, MODIFIER, STATE, CREATE_TIME, MODIFY_TIME, ID, DEPARTMENT, PROFESSION, INTERVIEW_RESUME, SCHEDULE, USER_PROPERTY, LEADER_USER_ID) VALUES ('test', '测试', null, '24034b19077d85626cf3bd6a6f3aad25c49a8f98a390b54980af68fe1c23a5cf', 'ZosdxHb668kHzbu1', '13333330001', null, null, b'00', 0, '1970-01-01 08:00:00', 'admin', 'admin', 0, '2024-07-22 05:35:20', '2025-03-03 18:49:46', '1815259308658798594', '1', '2', 'asdfadsfasf范德萨开发了开始烦恼啦可是你答复了看书的飞龙卡是你答复了看啊；年发电量；啊数据地方卡拉斯京短发克里斯朵夫记录；啊看书的飞龙卡苏丹诺夫卢卡斯你的饭卡上的烦恼；啊啦可是你答复阿拉山口；发那看来是你发的啊啦可是你答复啊；是快乐的烦恼ask了；那份阿斯利康奶粉克拉森女风离开；你卡上发呆', '1', '2', '1802321374225367042');
INSERT INTO dmmp.MP_USER (USERNAME, NAME, NICKNAME, PASSWORD_ENCRYPT, SALT, MOBILE, MAIL, PASSWORD_EXPIRE_TIME, SIGN_IN_LOCK, SIGN_IN_FAIL_COUNT, SIGN_IN_LOCK_TIME, CREATOR, MODIFIER, STATE, CREATE_TIME, MODIFY_TIME, ID, DEPARTMENT, PROFESSION, INTERVIEW_RESUME, SCHEDULE, USER_PROPERTY, LEADER_USER_ID) VALUES ('test1', '测试1', null, 'ef4d61b9bb8eee851d0672fb4ba23fc62dbb19b44598a5cba604d24657d4a8a7', 'Qh4lTNfEJXMWwK7B', '13300000001', null, null, b'00', 0, '1970-01-01 08:00:00', 'admin', 'admin', 0, '2024-07-30 11:31:49', '2025-03-03 18:49:13', '1818248125565120514', '0', '1', 'tet', '0', '1', '1818248125565120514');
INSERT INTO dmmp.MP_USER (USERNAME, NAME, NICKNAME, PASSWORD_ENCRYPT, SALT, MOBILE, MAIL, PASSWORD_EXPIRE_TIME, SIGN_IN_LOCK, SIGN_IN_FAIL_COUNT, SIGN_IN_LOCK_TIME, CREATOR, MODIFIER, STATE, CREATE_TIME, MODIFY_TIME, ID, DEPARTMENT, PROFESSION, INTERVIEW_RESUME, SCHEDULE, USER_PROPERTY, LEADER_USER_ID) VALUES ('admin', '超级管理员', 'admin', 'a873d5bedbd7a0d21e964b6cf2cdeb942efce8f2e86f2bdb29d7aac76318b0fe', '9kJnx746kvBzzS1B', '17717066234', '651158394@qq.com', null, b'00', 0, '1970-01-01 08:00:00', 'system', 'admin', 0, '2024-06-04 10:12:50', '2025-03-05 13:45:48', 'admin', '1', '1', 'test review', '0', '2', 'admin');

INSERT INTO dmmp.MP_USER_ROLE (USER_ID, ROLE_ID) VALUES ('1799014033401327617', 'assemblyManager');
INSERT INTO dmmp.MP_USER_ROLE (USER_ID, ROLE_ID) VALUES ('1799014033401327617', 'assemblyRecordView');
INSERT INTO dmmp.MP_USER_ROLE (USER_ID, ROLE_ID) VALUES ('1802321374225367042', 'inspector');
INSERT INTO dmmp.MP_USER_ROLE (USER_ID, ROLE_ID) VALUES ('1802321374225367042', 'user');
INSERT INTO dmmp.MP_USER_ROLE (USER_ID, ROLE_ID) VALUES ('1815259308658798594', 'user');
INSERT INTO dmmp.MP_USER_ROLE (USER_ID, ROLE_ID) VALUES ('1818248125565120514', 'user');
INSERT INTO dmmp.MP_USER_ROLE (USER_ID, ROLE_ID) VALUES ('admin', 'admin');
INSERT INTO dmmp.MP_USER_ROLE (USER_ID, ROLE_ID) VALUES ('admin', 'assemblyManager');
INSERT INTO dmmp.MP_USER_ROLE (USER_ID, ROLE_ID) VALUES ('admin', 'box');
INSERT INTO dmmp.MP_USER_ROLE (USER_ID, ROLE_ID) VALUES ('admin', 'boxManager');
INSERT INTO dmmp.MP_USER_ROLE (USER_ID, ROLE_ID) VALUES ('admin', 'engineer');
INSERT INTO dmmp.MP_USER_ROLE (USER_ID, ROLE_ID) VALUES ('admin', 'equipmentManager');
INSERT INTO dmmp.MP_USER_ROLE (USER_ID, ROLE_ID) VALUES ('admin', 'gauger');
INSERT INTO dmmp.MP_USER_ROLE (USER_ID, ROLE_ID) VALUES ('admin', 'inspector');
INSERT INTO dmmp.MP_USER_ROLE (USER_ID, ROLE_ID) VALUES ('admin', 'inventoryManager');
INSERT INTO dmmp.MP_USER_ROLE (USER_ID, ROLE_ID) VALUES ('admin', 'inventoryView');
INSERT INTO dmmp.MP_USER_ROLE (USER_ID, ROLE_ID) VALUES ('admin', 'itManager');
INSERT INTO dmmp.MP_USER_ROLE (USER_ID, ROLE_ID) VALUES ('admin', 'manager');
INSERT INTO dmmp.MP_USER_ROLE (USER_ID, ROLE_ID) VALUES ('admin', 'qualityManager');
INSERT INTO dmmp.MP_USER_ROLE (USER_ID, ROLE_ID) VALUES ('admin', 'schedulingManager');
INSERT INTO dmmp.MP_USER_ROLE (USER_ID, ROLE_ID) VALUES ('admin', 'technologyManager');

INSERT INTO dmmp.MP_DEVICE (SALT, USER_ID, ACCOUNT_ID, IP, CREATOR, MODIFIER, STATE, CREATE_TIME, MODIFY_TIME, ID) VALUES ('rdWKI9ltM9pk3DiJ', 'admin', '', 'null', 'system', 'system', 0, '2024-06-07 09:38:40', '2024-06-07 09:38:40', '0000000000000000000');
INSERT INTO dmmp.MP_DEVICE (SALT, USER_ID, ACCOUNT_ID, IP, CREATOR, MODIFIER, STATE, CREATE_TIME, MODIFY_TIME, ID) VALUES ('oMoWPM57H2gDxGhq', '1815259308658798594', '', '127.0.0.1', 'system', 'system', 0, '2024-06-11 05:14:38', '2024-06-11 05:14:38', '0000000000000000001');
INSERT INTO dmmp.MP_DEVICE (SALT, USER_ID, ACCOUNT_ID, IP, CREATOR, MODIFIER, STATE, CREATE_TIME, MODIFY_TIME, ID) VALUES ('uflZdYBVErzrVlxU', 'admin', '', '0:0:0:0:0:0:0:1', 'system', 'system', 0, '2024-06-14 05:44:36', '2024-06-14 05:44:36', '1739187591318364160');
INSERT INTO dmmp.MP_DEVICE (SALT, USER_ID, ACCOUNT_ID, IP, CREATOR, MODIFIER, STATE, CREATE_TIME, MODIFY_TIME, ID) VALUES ('k4oONMbjYDJQcAwf', 'admin', '', 'null', 'system', 'system', 0, '2024-07-26 03:56:45', '2024-07-26 03:56:45', '1778687797222989824');
INSERT INTO dmmp.MP_DEVICE (SALT, USER_ID, ACCOUNT_ID, IP, CREATOR, MODIFIER, STATE, CREATE_TIME, MODIFY_TIME, ID) VALUES ('AdayCpWHjiDrcBEK', '', '', '58.247.144.143', 'system', 'system', 0, '2025-03-05 13:44:56', '2025-03-05 13:44:56', '1791115295346790400');
INSERT INTO dmmp.MP_DEVICE (SALT, USER_ID, ACCOUNT_ID, IP, CREATOR, MODIFIER, STATE, CREATE_TIME, MODIFY_TIME, ID) VALUES ('ZrHMozbhzYDge7Sw', '', '', '127.0.0.1', 'system', 'system', 0, '2024-09-20 06:10:25', '2024-09-20 06:10:25', '1837011409608912896');
INSERT INTO dmmp.MP_DEVICE (SALT, USER_ID, ACCOUNT_ID, IP, CREATOR, MODIFIER, STATE, CREATE_TIME, MODIFY_TIME, ID) VALUES ('4pzGai5vYcCj4Ddh', '1799014033401327617', '', '0:0:0:0:0:0:0:1', 'system', 'system', 0, '2024-12-20 00:52:35', '2024-12-20 00:52:35', '1869908722710233088');
INSERT INTO dmmp.MP_DEVICE (SALT, USER_ID, ACCOUNT_ID, IP, CREATOR, MODIFIER, STATE, CREATE_TIME, MODIFY_TIME, ID) VALUES ('GbgG3nfL4pVw1rFk', '1799014033401327617', '', '0:0:0:0:0:0:0:1', 'system', 'system', 0, '2025-03-04 10:00:50', '2025-03-04 10:00:50', '1896742600755007488');
INSERT INTO dmmp.MP_DEVICE (SALT, USER_ID, ACCOUNT_ID, IP, CREATOR, MODIFIER, STATE, CREATE_TIME, MODIFY_TIME, ID) VALUES ('Kvvc0IBwDA6xfdHd', 'admin', '', '58.247.144.143', 'system', 'system', 0, '2025-03-05 13:46:10', '2025-03-05 13:46:10', '1897161693534507012');
INSERT INTO dmmp.MP_DEVICE (SALT, USER_ID, ACCOUNT_ID, IP, CREATOR, MODIFIER, STATE, CREATE_TIME, MODIFY_TIME, ID) VALUES ('64KMAUXRDeocrlO3', '', '', '223.104.155.119', 'system', 'system', 0, '2025-03-05 13:49:08', '2025-03-05 13:49:08', '1897162440821067776');
INSERT INTO dmmp.MP_DEVICE (SALT, USER_ID, ACCOUNT_ID, IP, CREATOR, MODIFIER, STATE, CREATE_TIME, MODIFY_TIME, ID) VALUES ('1yPbLSWQ2EIcaxqc', 'admin', '', '223.104.155.119', 'system', 'system', 0, '2025-03-05 13:49:33', '2025-03-05 13:49:33', '1897162544533622784');
